[
  {
    "slug": "crm-system",
    "title": "CRM система — цифровое решение для управления клиентами",
    "short": "С помощью CRM системы вы автоматизируете работу с клиентами, отслеживаете заказы и улучшаете взаимодействие с клиентами.",
    "content": "CRM (Customer Relationship Management) система является незаменимым инструментом для современного бизнеса, предоставляя возможность полностью автоматизировать процессы работы с клиентами. Эта система выполняет роль центральной платформы для вашей компании и собирает все данные о клиентах, истории заказов, платежах и переписке в одном месте, обеспечивая эффективное управление.\n\nОсновное преимущество CRM системы заключается в том, что она позволяет реализовать персонализированный подход к каждому клиенту. Полный профиль каждого клиента, его предыдущие заказы, индивидуальные потребности и анализ поведения сохраняются в системе. Это дает вам возможность предоставлять персонализированные услуги каждому клиенту и значительно увеличивать продажи.\n\nВ системе доступны отчеты и аналитические модули, работающие в реальном времени, что позволяет отслеживать динамику продаж, лояльность клиентов, эффективность маркетинговых кампаний и показатели работы сотрудников. Система автоматических уведомлений мгновенно доставляет клиентам новые предложения, скидки или важные обновления.\n\nCRM система может быть адаптирована для различных сфер бизнеса: розничная торговля, предоставление услуг, B2B продажи и другие. Система поддерживает мобильное приложение, веб-интерфейс и desktop версии, что дает вашим сотрудникам возможность работать из любого места и с любого устройства.\n\nВ процессе разработки мы учитываем специфические потребности вашего бизнеса и настраиваем систему специально для вас. Интегрированные платежные системы, платформы email-маркетинга и другие бизнес-инструменты превращают вашу CRM систему в полностью автоматизированную экосистему.",
    "duration": "Время разработки: 2-3 недели",
    "category": "Для бизнеса"
  },
  {
    "slug": "e-commerce-platform",
    "title": "E-commerce платформа — мощное решение для онлайн-торговли",
    "short": "Современная e-commerce платформа для продажи товаров онлайн и предоставления удобных услуг клиентам.",
    "content": "E-commerce платформа сегодня является важным инструментом для любого бизнеса, предоставляя возможность выхода на глобальный рынок и обслуживания клиентов 24/7. Создание профессионального интернет-магазина подразумевает не только демонстрацию товаров, но и построение полнофункциональной торговой экосистемы.\n\nНа нашей платформе есть каталог товаров, интеллектуальная система поиска, возможности фильтрации и сортировки, а также удобная корзина и процесс оформления заказа для клиентов. Система поддерживает различные способы оплаты: банковские карты, электронные кошельки, наличные при доставке и другие методы. Управление инвентарем работает автоматически и обновляет наличие товаров в реальном времени.\n\nSEO оптимизация и высокая скорость загрузки выводят ваш магазин на высокие позиции в поисковых системах. Оптимизированный дизайн для мобильных устройств и технология Progressive Web App (PWA) обеспечивают клиентам удобство, подобное приложению.\n\nМаркетинговые инструменты интегрированы в платформу: скидки, бонусные системы, программы рекомендаций и email-маркетинг. В аккаунтах клиентов есть история заказов, избранные товары и личный кабинет.\n\nС помощью админ-панели вы управляете товарами, отслеживаете заказы, контролируете инвентарь и получаете подробные отчеты. Платформа может быть многоязычной и мультивалютной, что делает ее идеальным решением для международной торговли.",
    "duration": "Время разработки: 3-4 недели",
    "category": "E-commerce"
  },
  {
    "slug": "mobile-app-ios-android",
    "title": "Мобильное приложение (iOS/Android) — ваш бизнес в руках",
    "short": "Создание профессиональных мобильных приложений для iOS и Android — удобство и новые возможности для ваших клиентов.",
    "content": "Мобильные приложения сегодня являются решающим фактором успеха бизнеса, предоставляя клиентам возможность получать услуги в любое время и в любом месте. Создание профессионального мобильного приложения подразумевает не только техническое совершенство, но и максимальное улучшение пользовательского опыта.\n\nМы создаем приложения для iOS и Android с использованием native приложений или cross-platform решений (React Native, Flutter). Native приложения полностью используют уникальные возможности каждой платформы и обеспечивают наилучшую производительность. Cross-platform решения позволяют разрабатывать быстрее и дешевле, используя одну кодовую базу.\n\nВ приложении есть аутентификация пользователей, личный кабинет, push-уведомления, возможность работы в офлайн режиме и обновления в реальном времени. Интеграции платежей, биометрическая аутентификация и сервисы геолокации делают приложение еще более функциональным.\n\nМы полностью поддерживаем процесс размещения приложения в App Store и Google Play, обновления версий и улучшения взаимодействия с пользователями. Интеграция аналитики позволяет анализировать поведение пользователей и постоянно улучшать приложение.\n\nВ процессе создания мобильного приложения мы уделяем особое внимание UX/UI дизайну, оптимизации производительности, безопасности и тестированию. В результате вы получаете удобное, быстрое и безопасное приложение для ваших клиентов.",
    "duration": "Время разработки: 4-6 недель",
    "category": "Мобильные приложения"
  },
  {
    "slug": "telegram-bot",
    "title": "Telegram бот — автоматизированные услуги",
    "short": "С помощью Telegram бота предоставляйте услуги клиентам 24/7, принимайте заказы и автоматизируйте процессы.",
    "content": "Telegram боты сегодня являются одним из самых эффективных и экономичных способов автоматизации бизнеса, предоставляя возможность полностью автоматизировать взаимодействие с клиентами. Боты работают 24/7, мгновенно отвечают и экономят человеческие ресурсы.\n\nНаши созданные боты принимают заказы, управляют платежами, хранят данные и мгновенно отвечают клиентам. Боты полностью интегрируются с CRM системами, платежными системами и базами данных, что обеспечивает централизованное управление всеми процессами.\n\nПоддержка нескольких языков, админ-панель и статистика в реальном времени позволяют эффективно автоматизировать бизнес-процессы. Боты предоставляют клиентам информацию о товарах, принимают заказы, обрабатывают платежи и отслеживают статус доставки.\n\nБоты применяются в различных сферах: прием заказов для ресторанов, бронирование для компаний по предоставлению услуг, интернет-магазин для e-commerce, тесты для образовательных учреждений и другие. Каждый бот адаптируется к специфическим потребностям вашего бизнеса.\n\nС помощью бота вы значительно снижаете затраты на обслуживание клиентов и повышаете эффективность работы. Push-уведомления, маркетинговые кампании и взаимодействие с клиентами — все управляется автоматически.",
    "duration": "Время разработки: 1-2 недели",
    "category": "Автоматизация"
  },
  {
    "slug": "ai-integration",
    "title": "Интеграция искусственного интеллекта — умные решения",
    "short": "Использование AI технологий для создания чатботов, анализа изображений и автоматической обработки данных.",
    "content": "Технологии искусственного интеллекта сегодня являются одним из самых инновационных способов развития бизнеса, предоставляя возможность создавать умные и автоматические решения. Интеграция AI дает вам конкурентное преимущество и значительно повышает качество услуг.\n\nAI чатботы отвечают клиентам 24/7, понимают естественный язык и могут отвечать на сложные вопросы. Чатботы анализируют запросы клиентов, находят соответствующую информацию и предоставляют персонализированные ответы. Это повышает удовлетворенность клиентов и снижает нагрузку на сотрудников.\n\nСистемы анализа и распознавания изображений ускоряют процессы и снижают ошибки. Например, автоматическая классификация товаров, сканирование и обработка документов, биометрическое распознавание пользователей и другие функции.\n\nТехнология обработки естественного языка (NLP) предоставляет возможность понимания запросов клиентов, анализа тональности и автоматической категоризации. С помощью моделей машинного обучения вы анализируете поведение клиентов, делаете прогнозы и создаете системы рекомендаций.\n\nИнтеграция AI применяется в различных сферах: обслуживание клиентов, маркетинг, финансовый анализ, безопасность и другие. Наши решения адаптируются к специфическим потребностям вашего бизнеса и постоянно обучаются и улучшаются.",
    "duration": "Время разработки: 3-5 недель",
    "category": "AI/ML"
  },
  {
    "slug": "business-analytics-dashboard",
    "title": "Бизнес-аналитика dashboard — решения на основе данных",
    "short": "Отслеживание бизнес-показателей в реальном времени, принятие стратегических решений с помощью отчетов и визуализаций.",
    "content": "Бизнес-аналитика dashboard является решающим инструментом для современных компаний, предоставляя возможность видеть все важные показатели в одном месте и принимать быстрые решения. Dashboard собирает данные в реальном времени, отображает их с помощью визуальных графиков и диаграмм и поддерживает различные фильтры.\n\nВы отслеживаете динамику продаж, прибыль, статистику клиентов, эффективность маркетинга, показатели работы сотрудников и другие важные метрики. С помощью dashboard вы принимаете быстрые и точные решения, заранее выявляете проблемы и развиваете свой бизнес.\n\nДанные собираются из различных источников: CRM системы, платежные системы, маркетинговые платформы, веб-аналитика и другие. Все данные централизованы и обновляются в реальном времени.\n\nDashboard соответствует стандартам безопасности, и доступ имеют только авторизованные пользователи. Для пользователей разных уровней могут быть настроены различные представления и отчеты.\n\nИнструменты визуализации позволяют видеть сложные данные в понятном формате. Интерактивные графики, таблицы и диаграммы дают вам возможность глубокого анализа. Функция экспорта позволяет загружать отчеты в формате PDF или Excel.",
    "duration": "Время разработки: 2-3 недели",
    "category": "Аналитика"
  },
  {
    "slug": "pos-system",
    "title": "POS система — управление в точке продажи",
    "short": "Автоматизируйте процессы продажи и отслеживайте инвентарь в реальном времени с помощью современной POS системы.",
    "content": "POS (Point of Sale) система является мощным решением, управляющим всеми операциями в точке продажи, и незаменимым инструментом для розничного бизнеса. Система автоматизирует процессы продажи, отслеживает инвентарь в реальном времени и создает подробные отчеты.\n\nВ системе есть каталог товаров, цены, скидки, способы оплаты и управление инвентарем. POS система записывает операции продажи в реальном времени, обновляет инвентарь и создает автоматические отчеты. Система поддерживает различные способы оплаты: наличные деньги, банковские карты, онлайн платежи и другие.\n\nИнтегрированная с фискальными принтерами система автоматически создает необходимые документы для налоговых органов. Данные отправляются на центральный сервер в реальном времени, что делает это идеальным решением для многоточечных продаж.\n\nС помощью мобильных POS приложений вы можете продавать из любого места. Для курьеров, уличных торговцев или передвижных магазинов мобильная POS система является удобным и эффективным решением.\n\nВ системе есть управление сотрудниками, система скидок, бонусные программы и карты клиентов. Подробные отчеты позволяют отслеживать динамику продаж, наиболее продаваемые товары и работу сотрудников.",
    "duration": "Время разработки: 2-3 недели",
    "category": "Розница"
  },
  {
    "slug": "booking-platform",
    "title": "Платформа бронирования — онлайн система резервирования",
    "short": "Создание профессиональной системы бронирования для ресторанов, отелей и услуг.",
    "content": "Платформа бронирования предоставляет возможность создания онлайн-системы резервирования для ресторанов, отелей, компаний по предоставлению услуг и других видов бизнеса. Платформа дает клиентам удобную и быструю возможность бронирования, что повышает удовлетворенность клиентов и улучшает эффективность бизнеса.\n\nВ системе есть календарный вид, отображение доступного времени, автоматическое подтверждение и уведомления. Платформа обновляет доступность в реальном времени, предлагает дополнительные услуги и хранит данные клиентов. С помощью админ-панели вы управляете бронированиями, настраиваете календарь и отслеживаете статистику.\n\nSMS и email уведомления мгновенно информируют клиентов о подтверждении бронирования, напоминаниях и изменениях. Интеграции платежей позволяют клиентам осуществлять онлайн платежи.\n\nМобильная оптимизация и адаптивный дизайн позволяют предоставлять удобные услуги клиентам с любого устройства. Платформа оптимизирована для SEO и хорошо отображается в поисковых системах.\n\nВ системе есть профили клиентов, история заказов, избранные места и личный кабинет. Это повышает лояльность клиентов и стимулирует повторное использование.",
    "duration": "Время разработки: 2-3 недели",
    "category": "Услуги"
  },
  {
    "slug": "education-platform",
    "title": "Образовательная платформа — система онлайн-обучения",
    "short": "Полнофункциональная образовательная платформа с онлайн-курсами, видео-уроками, тестами и сертификатами.",
    "content": "Образовательная платформа является мощным решением для современных образовательных учреждений и преподавателей, предоставляя возможность создания системы онлайн-обучения. Платформа обеспечивает полнофункциональную образовательную экосистему с видео-уроками, интерактивными материалами, тестами, домашними заданиями и сертификатами.\n\nСтуденты создают свой профиль, смотрят уроки, проходят тесты и отслеживают прогресс. Платформа поддерживает видео-стриминг, чат, форум и интеграции платежей. С помощью мобильного приложения студенты могут учиться из любого места.\n\nПреподаватели загружают уроки, создают тесты, оценивают студентов и просматривают статистику. На платформе есть оценка в реальном времени, автоматические тесты и отслеживание прогресса.\n\nПлатформа поддерживает различные форматы обучения: видео-уроки, аудио материалы, текстовые уроки, интерактивные упражнения и другие. Элементы геймификации делают процесс обучения еще более интересным и эффективным.\n\nСистема сертификатов позволяет студентам получать сертификаты после успешного завершения курсов. Платформа может быть многоязычной и мультивалютной, что дает возможность привлекать международных студентов.",
    "duration": "Время разработки: 4-5 недель",
    "category": "Образование"
  },
  {
    "slug": "delivery-logistics",
    "title": "Приложение доставки и логистики",
    "short": "Система управления процессом доставки для курьеров, клиентов и администраторов.",
    "content": "Приложение доставки и логистики предоставляет возможность создания полнофункциональной системы доставки для бизнеса доставки. В приложении есть три основные части: размещение заказов для клиентов, принятие и доставка заказов для курьеров, управление всеми процессами для администраторов.\n\nКлиенты с помощью приложения размещают заказы, осуществляют платежи и отслеживают статус заказа в реальном времени. Система GPS отслеживания позволяет клиентам точно знать местоположение курьера и время доставки.\n\nКурьеры с помощью приложения принимают новые заказы, используют оптимизированную карту для поиска кратчайшего маршрута и обновляют статус заказа. Push-уведомления позволяют курьерам мгновенно получать информацию о новых заказах.\n\nАдминистраторы отслеживают все заказы, управляют курьерами, просматривают статистику и создают отчеты. В системе есть мониторинг в реальном времени, аналитика и инструменты оптимизации.\n\nИнтеграции платежей, SMS и push-уведомления, система рейтингов и поддержка клиентов делают приложение еще более функциональным. Система поддерживает несколько городов и регионов.",
    "duration": "Время разработки: 4-5 недель",
    "category": "Логистика"
  },
  {
    "slug": "accounting-software",
    "title": "Бухгалтерская программа — финансовые отчеты",
    "short": "Профессиональное решение для автоматизации бухгалтерских операций, отчетов и налоговых расчетов.",
    "content": "Бухгалтерская программа является важным инструментом для любого бизнеса, предоставляя возможность управления финансовыми операциями и создания отчетов. Профессиональная бухгалтерская программа дает вам возможность автоматизировать все финансовые процессы и создавать необходимые документы для налоговых органов.\n\nВ программе есть доходы и расходы, расчеты, налоговые расчеты, отчеты и база данных. Программа поддерживает различные валюты, выполняет автоматические расчеты и создает необходимые отчеты для налоговых органов.\n\nИнтегрированные банковские API автоматически записывают платежи. Это экономит время и снижает ошибки. Программа соответствует стандартам безопасности и шифрует данные.\n\nС помощью мобильного приложения вы можете отслеживать финансовые операции из любого места. Есть отчеты в реальном времени, push-уведомления и синхронизация данных.\n\nВ программе есть различные отчеты: доходы и расходы, прибыль и убытки, налоговые расчеты, баланс и другие. Все отчеты отображаются с визуальными графиками и диаграммами.\n\nПрограмма может быть многопользовательской и могут быть настроены различные уровни разрешений. Это делает ее идеальным решением для крупных компаний.",
    "duration": "Время разработки: 3-4 недели",
    "category": "Финансы"
  },
  {
    "slug": "real-estate-portal",
    "title": "Портал недвижимости — рынок жилья",
    "short": "Профессиональная платформа для продажи и аренды жилья, офисов и земельных участков.",
    "content": "Портал недвижимости является профессиональной платформой для продажи и аренды жилья, офисов и земельных участков, организующей эффективное взаимодействие между агентами и клиентами. На портале есть каталог объектов, мощные фильтры поиска, карта, профили агентов и форма связи.\n\nПользователи ищут объекты, применяют фильтры (цена, площадь, местоположение, характеристики), просматривают на карте и связываются с агентами. Интеграция карты позволяет пользователям видеть объекты географически.\n\nАгенты загружают объекты, добавляют фотографии и видео, обновляют информацию и взаимодействуют с клиентами. Для агентов есть личный кабинет, статистика и маркетинговые инструменты.\n\nПортал оптимизирован для SEO, оптимизирован для мобильных устройств и поддерживает различные интеграции платежей. Есть обновления в реальном времени и push-уведомления.\n\nВ системе есть профили клиентов, избранные объекты, история поиска и личный кабинет. Это повышает удобство клиентов и стимулирует повторное использование.\n\nПортал может быть многоязычным и может быть адаптирован для различных регионов. Это дает возможность привлекать международных клиентов.",
    "duration": "Время разработки: 3-4 недели",
    "category": "Недвижимость"
  },
  {
    "slug": "car-rental",
    "title": "Управление арендой автомобилей — система аренды автомобилей",
    "short": "Создание полнофункциональной системы для сдачи автомобилей в аренду и управления.",
    "content": "Система управления арендой автомобилей предоставляет возможность полной автоматизации бизнеса по аренде автомобилей. В системе есть каталог автомобилей, календарь доступности, бронирование, интеграции платежей и отчеты.\n\nКлиенты просматривают автомобили, проверяют доступность, бронируют и совершают платежи. В системе подробно отображаются характеристики автомобилей, фотографии, цены и информация о доступности.\n\nАдминистраторы управляют автомобилями, настраивают цены, подтверждают бронирования и отслеживают статистику. В системе есть обновление доступности в реальном времени, автоматическая настройка цен и управление бронированиями.\n\nСистема GPS отслеживания позволяет администраторам отслеживать состояние автомобилей и обеспечивать безопасность. Автоматические уведомления доставляют клиентам подтверждение бронирования, напоминания и важные обновления.\n\nС помощью мобильного приложения клиенты могут арендовать автомобиль из любого места. В приложении есть каталог автомобилей, бронирование, платежи и GPS отслеживание.\n\nВ системе есть профили клиентов, история заказов, система рейтингов и поддержка. Это повышает удовлетворенность клиентов и улучшает эффективность бизнеса.",
    "duration": "Время разработки: 3-4 недели",
    "category": "Транспорт"
  },
  {
    "slug": "erp-system",
    "title": "ERP система — управление корпоративными ресурсами",
    "short": "Мощное решение для управления корпоративными ресурсами, автоматизации процессов и повышения эффективности.",
    "content": "ERP (Enterprise Resource Planning) система является мощным решением для крупных компаний, предоставляя возможность централизованного управления корпоративными ресурсами. В системе есть финансы, человеческие ресурсы, инвентарь, управление проектами, закупки и отчеты.\n\nERP система обеспечивает обмен данными между всеми отделами, автоматизирует процессы и отслеживает показатели в реальном времени. Система имеет модульную архитектуру и позволяет добавлять необходимые функции.\n\nФинансовый модуль позволяет управлять всеми финансовыми операциями, создавать отчеты и выполнять налоговые расчеты. Модуль человеческих ресурсов управляет данными сотрудников, рабочим временем, заработной платой и другими HR процессами.\n\nМодуль инвентаря отслеживает складские операции, управление товарами и запасы. Модуль управления проектами предоставляет возможность планирования, отслеживания и оценки проектов.\n\nС системами безопасности, аудита и резервного копирования вы защищаете свои данные. В системе есть различные уровни разрешений, управление пользователями и мониторинг активности.\n\nERP система применяется в различных сферах: производство, услуги, торговля и другие. Система адаптируется к специфическим потребностям вашей компании.",
    "duration": "Время разработки: 6-8 недель",
    "category": "Корпоративный"
  },
  {
    "slug": "portfolio-website",
    "title": "Портфолио сайт — профессиональный вид",
    "short": "Портфолио сайт для демонстрации проектов, взаимодействия с клиентами и создания профессионального имиджа.",
    "content": "Портфолио сайт предоставляет возможность профессионально демонстрировать ваши проекты. На сайте есть галерея проектов, раздел услуг, раздел о компании, форма связи и блог.\n\nСайт оптимизирован для SEO, быстро загружается и отлично работает на всех устройствах. С анимациями, интерактивными элементами и современным дизайном вы привлекаете внимание клиентов.\n\nНа сайте интегрированы аналитика, CRM и маркетинговые инструменты. С системой управления контентом (CMS) вы можете обновлять сайт самостоятельно и добавлять новые проекты.\n\nПортфолио сайт применяется в различных сферах: дизайн-студии, программирование компании, фотография, видеография и другие. Каждый сайт отражает уникальные особенности вашей деятельности.\n\nНа сайте есть фильтры проектов, поиск, категории и подробные страницы проектов. Это дает клиентам возможность быстро найти нужную информацию.\n\nМобильная оптимизация и высокая скорость загрузки важны для успеха сайта. Наши созданные сайты соответствуют всем современным стандартам.",
    "duration": "Время разработки: 1-2 недели",
    "category": "Портфолио"
  },
  {
    "slug": "hotel-management",
    "title": "Система управления отелем — hotel management",
    "short": "Профессиональная система для управления номерами, бронирования, платежей и обслуживания клиентов.",
    "content": "Система управления отелем предоставляет возможность полной автоматизации операций отеля. В системе есть управление номерами, бронирование, платежи, данные клиентов, отчеты и интегрированная POS система.\n\nСистема обновляет доступность номеров в реальном времени, автоматически настраивает цены и обслуживает клиентов. Интеграции онлайн-бронирования, channel manager и платежные шлюзы позволяют предоставлять удобные услуги клиентам.\n\nС помощью мобильного приложения сотрудники могут получить доступ к системе из любого места. В приложении есть управление номерами, бронирование, данные клиентов и отчеты.\n\nВ системе есть профили клиентов, история заказов, система рейтингов и поддержка. Это повышает удовлетворенность клиентов и стимулирует повторное использование.\n\nВ системе есть мониторинг в реальном времени, аналитика и инструменты оптимизации. Вы отслеживаете динамику продаж, использование номеров и статистику клиентов.\n\nСистема поддерживает несколько отелей и обеспечивает централизованное управление. Это делает ее идеальным решением для крупных гостиничных сетей.",
    "duration": "Время разработки: 4-5 недель",
    "category": "Отель"
  },
  {
    "slug": "inventory-management",
    "title": "Управление складом — система инвентаризации",
    "short": "Управление складскими операциями, отслеживание инвентаря и создание автоматических отчетов.",
    "content": "Система управления складом предоставляет возможность эффективного управления инвентарем. В системе есть каталог товаров, операции прихода и расхода, инвентаризация, отчеты и интеграция сканера штрих-кодов.\n\nСистема обновляет состояние склада в реальном времени, отслеживает минимальный запас и отправляет автоматические уведомления. С помощью мобильного приложения сотрудники выполняют операции на складе, быстро делают приход и расход с помощью сканера штрих-кодов.\n\nСистема поддерживает различные склады и обеспечивает централизованное управление. Это делает ее идеальным решением для бизнеса с несколькими складами.\n\nВ системе есть мониторинг в реальном времени, аналитика и инструменты оптимизации. Вы отслеживаете состояние инвентаря, операции прихода и расхода и отчеты.\n\nИнтеграция сканера штрих-кодов позволяет быстро и точно выполнять операции. Это экономит время и снижает ошибки.\n\nВ системе есть различные отчеты: состояние инвентаря, операции прихода и расхода, минимальный запас и другие. Все отчеты отображаются с визуальными графиками и диаграммами.",
    "duration": "Время разработки: 3-4 недели",
    "category": "Склад"
  },
  {
    "slug": "payment-gateway",
    "title": "Интеграция платежного шлюза",
    "short": "Интеграция с различными платежными системами — карты, электронные кошельки и другие способы оплаты.",
    "content": "Интеграция платежного шлюза предоставляет возможность принимать различные способы оплаты. Система поддерживает банковские карты, электронные кошельки (Payme, Click, Uzumbank), криптовалюты и другие способы оплаты.\n\nИнтеграция безопасна, соответствует стандартам PCI DSS и обрабатывает платежи в реальном времени. В системе есть история платежей, операции возврата, автоматические уведомления и отчеты.\n\nС помощью SDK для мобильного приложения и веб-сайта вы принимаете платежи на любой платформе. Процесс интеграции быстрый и простой, наши специалисты выполняют все технические работы.\n\nВ системе есть мониторинг в реальном времени, логирование и аналитика. Вы отслеживаете статистику платежей, успешные и неуспешные платежи.\n\nСтандарты безопасности помогают защищать данные клиентов. В системе есть шифрование, токенизация и другие инструменты безопасности.\n\nСистема может быть адаптирована для различных сфер бизнеса: e-commerce, услуги, образование и другие. Каждая интеграция адаптируется к специфическим потребностям вашего бизнеса.",
    "duration": "Время разработки: 2-3 недели",
    "category": "Платежи"
  },
  {
    "slug": "custom-api",
    "title": "Custom API решения — платформа интеграции",
    "short": "Профессиональные API решения для обеспечения обмена данными между различными системами.",
    "content": "Custom API решения предоставляют возможность организации обмена данными между различными системами. API основан на RESTful архитектуре, защищен безопасной аутентификацией и ограничением скорости.\n\nAPI документирован, имеет систему версионирования и поддерживает различные форматы (JSON, XML). С помощью API вы интегрируетесь с CRM, ERP, платежными системами и другими системами.\n\nМониторинг в реальном времени, логирование и аналитика позволяют отслеживать работу API. С помощью webhook'ов вы получаете события в реальном времени.\n\nAPI соответствует стандартам безопасности и поддерживает OAuth, JWT и другие методы аутентификации. Ограничение скорости позволяет контролировать нагрузку на API.\n\nAPI может быть адаптирован для различных сфер бизнеса: e-commerce, логистика, финансы и другие. Каждый API адаптируется к специфическим потребностям вашего бизнеса.\n\nДокументация API позволяет другим разработчикам легко использовать ваш API. Наши созданные API соответствуют всем современным стандартам.",
    "duration": "Время разработки: 2-4 недели",
    "category": "API"
  },
  {
    "slug": "corporate-website",
    "title": "Корпоративный сайт — онлайн-имидж компании",
    "short": "Профессиональный корпоративный сайт с информацией о компании, услугах, проектах и контактах.",
    "content": "Корпоративный сайт предоставляет возможность создания профессионального онлайн-имиджа вашей компании. На сайте есть информация о компании, услуги, проекты, новости, блог и раздел контактов.\n\nСайт оптимизирован для SEO, быстро загружается и отлично работает на всех устройствах. С современным дизайном, анимациями и интерактивными элементами вы привлекаете внимание клиентов.\n\nНа сайте интегрированы CRM, аналитика и маркетинговые инструменты. С системой управления контентом (CMS) вы можете обновлять сайт самостоятельно и добавлять новые разделы.\n\nКорпоративный сайт применяется в различных сферах: IT компании, консалтинг, предоставление услуг и другие. Каждый сайт отражает уникальные особенности вашей компании.\n\nНа сайте есть раздел новостей, блог, галерея проектов и форма связи. Это дает клиентам полную информацию о компании.\n\nМобильная оптимизация и высокая скорость загрузки важны для успеха сайта. Наши созданные сайты соответствуют всем современным стандартам и являются удобным и эффективным решением для клиентов.",
    "duration": "Время разработки: 2-3 недели",
    "category": "Корпоративный"
  }
]
