[
  {
    "slug": "crm-tizim",
    "title": "CRM tizimi — mijozlarni boshqarishning raqamli yechimi",
    "short": "CRM tizimi yordamida siz mijozlar bilan ishlashni avtomatlashtirasiz, buyurtmalarni kuzatib borasiz va mijozlar bilan aloqani yaxshilashtirasiz.",
    "content": "CRM (Customer Relationship Management) tizimi zamonaviy biznes uchun ajralmas vosita bo'lib, mijozlar bilan ishlash jarayonlarini to'liq avtomatlashtirish imkonini beradi. Bu tizim sizning kompaniyangiz uchun markaziy platforma vazifasini bajaradi va barcha mijozlar ma'lumotlarini, buyurtmalar tarixini, to'lovlar va aloqa yozishmalarini bitta joyda to'plab, samarali boshqarishni ta'minlaydi.\n\nCRM tizimining asosiy afzalliklari shundaki, u sizga mijozlarga shaxsiy yondashuvni amalga oshirish imkonini beradi. Har bir mijozning to'liq profili, oldingi buyurtmalari, alohida ehtiyojlari va xulq-atvori tahlili tizimda saqlanadi. Bu esa sizga har bir mijozga moslashtirilgan xizmat ko'rsatish va sotuvlarni sezilarli darajada oshirish imkonini beradi.\n\nTizimda real vaqtda ishlaydigan hisobotlar va analitika modullari mavjud bo'lib, siz sotuvlar dinamikasini, mijozlar sadoqatini, marketing kampaniyalari samaradorligini va xodimlar ishlash ko'rsatkichlarini kuzatishingiz mumkin. Avtomatik xabarnomalar tizimi mijozlarga yangi takliflar, chegirmalar yoki muhim yangiliklarni darhol yetkazadi.\n\nCRM tizimi turli biznes sohalari uchun moslashtirilishi mumkin: retail, xizmatlar ko'rsatish, B2B savdo va boshqalar. Tizim mobil ilova, veb-interfeys va desktop versiyalarini qo'llab-quvvatlaydi, bu esa xodimlaringizga har qanday joydan va qurilmadan ishlash imkonini beradi.\n\nIshlab chiqish jarayonida biz sizning biznesingizning o'ziga xos ehtiyojlarini hisobga olib, tizimni maxsus sozlaymiz. Integratsiya qilingan to'lov tizimlari, email marketing platformalari va boshqa biznes vositalari bilan CRM tizimingiz butunlay avtomatlashtirilgan ekosistemaga aylanadi.",
    "duration": "Ishlab chiqish vaqti: 2-3 hafta",
    "category": "Biznes uchun"
  },
  {
    "slug": "e-commerce-platforma",
    "title": "E-commerce platforma — onlayn savdo uchun kuchli yechim",
    "short": "Zamonaviy e-commerce platformasi bilan mahsulotlaringizni onlayn sotish va mijozlarga qulay xizmat ko'rsatish.",
    "content": "E-commerce platformasi bugungi kunda har qanday biznes uchun muhim bo'lib, sizga global bozorga chiqish va mijozlarga 24/7 xizmat ko'rsatish imkonini beradi. Professional onlayn do'kon yaratish nafaqat mahsulotlarni ko'rsatish, balki to'liq funksional savdo ekosistemasini qurishni nazarda tutadi.\n\nPlatformamizda mahsulotlar katalogi, aqlli qidiruv tizimi, filtrlash va saralash imkoniyatlari, shuningdek, mijozlar uchun qulay savat va checkout jarayoni mavjud. Tizim turli to'lov usullarini qo'llab-quvvatlaydi: bank kartalari, elektron hamyonlar, naqd yetkazib berish va boshqa usullar. Inventarizatsiya boshqaruvi avtomatik ishlaydi va real vaqtda mahsulotlar mavjudligini yangilaydi.\n\nSEO optimallashtirish va tez yuklanish tezligi sizning do'koningizni qidiruv tizimlarida yuqori o'rinlarga olib chiqadi. Mobil qurilmalar uchun optimallashtirilgan dizayn va Progressive Web App (PWA) texnologiyasi mijozlarga ilova kabi qulaylikni ta'minlaydi.\n\nMarketing vositalari platformaga integratsiya qilingan: chegirmalar, bonus tizimlari, tavsiya dasturlari va email marketing. Mijozlar hisoblarida buyurtmalar tarixi, sevimli mahsulotlar va shaxsiy kabinet mavjud.\n\nAdmin panel yordamida siz mahsulotlarni boshqarasiz, buyurtmalarni kuzatasiz, inventarizatsiyani nazorat qilasiz va batafsil hisobotlar olasiz. Platforma ko'p tilli va ko'p valyutali bo'lishi mumkin, bu esa xalqaro savdo uchun ideal yechimdir.",
    "duration": "Ishlab chiqish vaqti: 3-4 hafta",
    "category": "E-commerce"
  },
  {
    "slug": "mobil-ilova-ios-android",
    "title": "Mobil ilova (iOS/Android) — qo'lda biznesingiz",
    "short": "iOS va Android uchun professional mobil ilovalar yaratish — mijozlaringizga qulaylik va yangi imkoniyatlar.",
    "content": "Mobil ilovalar bugungi kunda biznesning muvaffaqiyati uchun hal qiluvchi omil bo'lib, mijozlarga har qanday vaqtda va joyda xizmat ko'rsatish imkonini beradi. Professional mobil ilova yaratish nafaqat texnik jihatdan mukammal, balki foydalanuvchi tajribasini maksimal darajada yaxshilashni nazarda tutadi.\n\nBiz iOS va Android uchun native ilovalar yoki cross-platform yechimlar (React Native, Flutter) yordamida ilovalar yaratamiz. Native ilovalar har bir platformaning o'ziga xos imkoniyatlaridan to'liq foydalanadi va eng yaxshi ishlash tezligini ta'minlaydi. Cross-platform yechimlar esa bir kod bazasidan foydalanib, tezroq va arzonroq ishlab chiqish imkonini beradi.\n\nIlovada foydalanuvchi autentifikatsiyasi, shaxsiy kabinet, push-xabarnomalar, offlayn ishlash imkoniyati va real vaqtda yangilanishlar mavjud. To'lov integratsiyalari, biometrik autentifikatsiya va geolokatsiya xizmatlari ilovani yanada funksional qiladi.\n\nIlovani App Store va Google Play'da joylashtirish, versiyalarni yangilash va foydalanuvchilar bilan aloqani yaxshilash jarayonlarini to'liq qo'llab-quvvatlaymiz. Analytics integratsiyasi yordamida siz foydalanuvchilar xatti-harakatlarini tahlil qilasiz va ilovani doimiy ravishda yaxshilashtirasiz.\n\nMobil ilova yaratish jarayonida biz UX/UI dizayn, ishlash optimizatsiyasi, xavfsizlik va testlashga alohida e'tibor beramiz. Natijada siz mijozlaringiz uchun qulay, tez va xavfsiz ilovaga ega bo'lasiz.",
    "duration": "Ishlab chiqish vaqti: 4-6 hafta",
    "category": "Mobil ilovalar"
  },
  {
    "slug": "telegram-bot",
    "title": "Telegram bot — avtomatlashtirilgan xizmatlar",
    "short": "Telegram bot yordamida mijozlarga 24/7 xizmat ko'rsating, buyurtmalarni qabul qiling va jarayonlarni avtomatlashtiring.",
    "content": "Telegram botlar bugungi kunda biznes avtomatlashtirishning eng samarali va arzon usullaridan biri bo'lib, mijozlar bilan aloqani to'liq avtomatlashtirish imkonini beradi. Botlar 24/7 ishlaydi, darhol javob beradi va inson resurslarini tejaydi.\n\nBizning yaratgan botlarimiz buyurtmalarni qabul qiladi, to'lovlarni boshqaradi, ma'lumotlarni saqlaydi va mijozlarga darhol javob beradi. Botlar CRM tizimlari, to'lov tizimlari va ma'lumotlar bazasi bilan to'liq integratsiya qilinadi, bu esa barcha jarayonlarni markaziy boshqarish imkonini beradi.\n\nMulti-language qo'llab-quvvatlash, admin panel va real vaqtda statistikalar bilan siz biznes jarayonlaringizni samarali avtomatlashtirasiz. Botlar mijozlarga mahsulotlar haqida ma'lumot beradi, buyurtmalarni qabul qiladi, to'lovlarni amalga oshiradi va yetkazib berish holatini kuzatadi.\n\nBotlar turli sohalarda qo'llaniladi: restoranlar uchun buyurtma qabul qilish, xizmatlar ko'rsatish kompaniyalari uchun bron qilish, e-commerce uchun onlayn do'kon, ta'lim muassasalari uchun testlar va boshqalar. Har bir bot sizning biznesingizning o'ziga xos ehtiyojlariga moslashtiriladi.\n\nBot yordamida siz mijozlarga xizmat ko'rsatish xarajatlarini sezilarli darajada kamaytirasiz va ishlash samaradorligini oshirasiz. Push-xabarnomalar, marketing kampaniyalari va mijozlar bilan aloqa barchasi avtomatik boshqariladi.",
    "duration": "Ishlab chiqish vaqti: 1-2 hafta",
    "category": "Avtomatlashtirish"
  },
  {
    "slug": "suniy-intellekt-integrasiyasi",
    "title": "Sun'iy intellekt integratsiyasi — aqlli yechimlar",
    "short": "AI texnologiyalaridan foydalangan holda chatbotlar, rasm tahlili va ma'lumotlarni avtomatik qayta ishlash.",
    "content": "Sun'iy intellekt texnologiyalari bugungi kunda biznesni rivojlantirishning eng innovatsion usullaridan biri bo'lib, aqlli va avtomatik yechimlar yaratish imkonini beradi. AI integratsiyasi sizga raqobatdosh ustunlik beradi va xizmat sifatini sezilarli darajada oshiradi.\n\nAI chatbotlar mijozlarga 24/7 javob beradi, tabiiy tilni tushunadi va murakkab savollarga javob bera oladi. Chatbotlar mijozlar so'rovlarini tahlil qiladi, tegishli ma'lumotlarni topadi va shaxsiylashtirilgan javoblar beradi. Bu esa mijozlar qanoatlanishini oshiradi va xodimlar yukini kamaytiradi.\n\nRasm tahlili va tanib olish tizimlari jarayonlarni tezlashtiradi va xatolarni kamaytiradi. Masalan, mahsulotlarni avtomatik tasniflash, hujjatlarni skanerlash va qayta ishlash, foydalanuvchilarni biometrik tanib olish va boshqa funksiyalar.\n\nTabiiy tilni qayta ishlash (NLP) texnologiyasi mijozlar so'rovlarini tushunish, sentyiment tahlili va avtomatik kategorizatsiya qilish imkonini beradi. Machine Learning modellari yordamida siz mijozlar xatti-harakatlarini tahlil qilasiz, bashoratlar qilasiz va tavsiyalar tizimini yaratasiz.\n\nAI integratsiyasi turli sohalarda qo'llaniladi: mijozlar xizmati, marketing, moliyaviy tahlil, xavfsizlik va boshqalar. Bizning yechimlarimiz sizning biznesingizning o'ziga xos ehtiyojlariga moslashtiriladi va doimiy ravishda o'rganib, yaxshilanadi.",
    "duration": "Ishlab chiqish vaqti: 3-5 hafta",
    "category": "AI/ML"
  },
  {
    "slug": "biznes-analitika-dashboard",
    "title": "Biznes analitika dashboard — ma'lumotlar bilan qarorlar",
    "short": "Real vaqtda biznes ko'rsatkichlarini kuzatish, hisobotlar va vizualizatsiyalar bilan strategik qarorlar qabul qilish.",
    "content": "Biznes analitika dashboard zamonaviy kompaniyalar uchun hal qiluvchi vosita bo'lib, barcha muhim ko'rsatkichlarni bir joyda ko'rish va tez qarorlar qabul qilish imkonini beradi. Dashboard real vaqtda ma'lumotlarni to'playdi, vizual grafiklar va diagrammalar yordamida ko'rsatadi va turli xil filtrlarni qo'llab-quvvatlaydi.\n\nSiz sotuvlar dinamikasini, foydalar, mijozlar statistikasi, marketing samaradorligi, xodimlar ishlash ko'rsatkichlari va boshqa muhim metrikalarni kuzatasiz. Dashboard yordamida siz tez va aniq qarorlar qabul qilasiz, muammolarni oldindan aniqlaysiz va biznesingizni rivojlantirasiz.\n\nMa'lumotlar turli manbalardan to'planadi: CRM tizimlari, to'lov tizimlari, marketing platformalari, veb-analitika va boshqalar. Barcha ma'lumotlar markazlashtirilgan va real vaqtda yangilanadi.\n\nDashboard xavfsizlik standartlariga mos keladi va faqat ruxsat berilgan foydalanuvchilar kirish huquqiga ega. Turli darajadagi foydalanuvchilar uchun turli xil ko'rinishlar va hisobotlar sozlanishi mumkin.\n\nVizualizatsiya vositalari yordamida siz murakkab ma'lumotlarni oson tushunasiz formatda ko'rasiz. Interaktiv grafiklar, jadvallar va diagrammalar sizga chuqur tahlil qilish imkonini beradi. Export funksiyasi yordamida siz hisobotlarni PDF yoki Excel formatida yuklab olasiz.",
    "duration": "Ishlab chiqish vaqti: 2-3 hafta",
    "category": "Analitika"
  },
  {
    "slug": "pos-tizim",
    "title": "POS tizim — savdo nuqtasida boshqaruv",
    "short": "Zamonaviy POS tizimi bilan savdo jarayonlarini avtomatlashtiring va inventarizatsiyani real vaqtda kuzating.",
    "content": "POS (Point of Sale) tizimi savdo nuqtasida barcha operatsiyalarni boshqaradigan kuchli yechim bo'lib, retail biznesi uchun ajralmas vosita hisoblanadi. Tizim savdo jarayonlarini avtomatlashtiradi, inventarizatsiyani real vaqtda kuzatadi va batafsil hisobotlar yaratadi.\n\nTizimda mahsulotlar katalogi, narxlar, chegirmalar, to'lov usullari va inventarizatsiya boshqaruvi mavjud. POS tizimi real vaqtda savdo operatsiyalarini qayd qiladi, inventarizatsiyani yangilaydi va avtomatik hisobotlar yaratadi. Tizim turli to'lov usullarini qo'llab-quvvatlaydi: naqd pul, bank kartalari, onlayn to'lovlar va boshqalar.\n\nFiskal printerlar bilan integratsiya qilingan tizim soliq organlariga zarur hujjatlarni avtomatik yaratadi. Ma'lumotlar markaziy serverga real vaqtda yuboriladi, bu esa ko'p nuqtali savdo uchun ideal yechimdir.\n\nMobil POS ilovalari yordamida siz har qanday joydan savdo qilishingiz mumkin. Kuryerlar, ko'cha sotuvchilari yoki ko'chma do'konlar uchun mobil POS tizimi qulay va samarali yechimdir.\n\nTizimda xodimlar boshqaruvi, chegirmalar tizimi, bonus dasturlari va mijozlar kartalari mavjud. Batafsil hisobotlar yordamida siz sotuvlar dinamikasini, eng ko'p sotilgan mahsulotlarni va xodimlar ishlashini kuzatasiz.",
    "duration": "Ishlab chiqish vaqti: 2-3 hafta",
    "category": "Retail"
  },
  {
    "slug": "bron-qilish-platformasi",
    "title": "Bron qilish platformasi — onlayn rezervatsiya tizimi",
    "short": "Restoranlar, mehmonxonalar va xizmatlar uchun professional bron qilish tizimi yaratish.",
    "content": "Bron qilish platformasi restoranlar, mehmonxonalar, xizmatlar ko'rsatish kompaniyalari va boshqa bizneslar uchun onlayn rezervatsiya tizimi yaratish imkonini beradi. Platforma mijozlarga qulay va tez bron qilish imkonini beradi, bu esa mijozlar qanoatlanishini oshiradi va biznes samaradorligini yaxshilaydi.\n\nTizimda kalendar ko'rinishi, mavjud vaqtlarni ko'rsatish, avtomatik tasdiqlash va xabarnomalar mavjud. Platforma real vaqtda mavjudlikni yangilaydi, qo'shimcha xizmatlarni taklif qiladi va mijozlar ma'lumotlarini saqlaydi. Admin panel yordamida siz bronlarni boshqarasiz, kalendarni sozlay olasiz va statistikani kuzatasiz.\n\nSMS va email xabarnomalar mijozlarga bron tasdiqlanishi, eslatmalar va o'zgarishlar haqida darhol xabar beradi. To'lov integratsiyalari yordamida mijozlar onlayn to'lovni amalga oshirishi mumkin.\n\nMobil optimizatsiya va responsive dizayn bilan siz mijozlarga har qanday qurilmadan qulay xizmat ko'rsatasiz. Platforma SEO optimallashtirilgan va qidiruv tizimlarida yaxshi ko'rinadi.\n\nTizimda mijozlar profillari, buyurtmalar tarixi, sevimli joylar va shaxsiy kabinet mavjud. Bu esa mijozlar sadoqatini oshiradi va qayta foydalanishni rag'batlantiradi.",
    "duration": "Ishlab chiqish vaqti: 2-3 hafta",
    "category": "Xizmatlar"
  },
  {
    "slug": "ta-lim-platformasi",
    "title": "Ta'lim platformasi — onlayn o'qitish tizimi",
    "short": "Onlayn kurslar, video darslar, testlar va sertifikatlar bilan to'liq funksional ta'lim platformasi.",
    "content": "Ta'lim platformasi zamonaviy ta'lim muassasalari va o'qituvchilar uchun kuchli yechim bo'lib, onlayn o'qitish tizimi yaratish imkonini beradi. Platforma video darslar, interaktiv materiallar, testlar, uy vazifalari va sertifikatlar bilan to'liq funksional ta'lim ekosistemasini ta'minlaydi.\n\nTalabalar o'z profilini yaratadi, darslarni ko'radi, testlarni yechadi va progressni kuzatadi. Platforma video streaming, chat, forum va to'lov integratsiyalarini qo'llab-quvvatlaydi. Mobil ilova yordamida talabalar har qanday joydan darslarni o'qishlari mumkin.\n\nO'qituvchilar darslarni yuklaydi, testlar yaratadi, talabalarni baholaydi va statistikani ko'radi. Platformada real vaqtda baholash, avtomatik testlar va progress tracking mavjud.\n\nPlatforma turli ta'lim formatlarini qo'llab-quvvatlaydi: video darslar, audio materiallar, matnli darslar, interaktiv mashqlar va boshqalar. Gamifikatsiya elementlari yordamida o'qitish jarayoni yanada qiziqarli va samarali bo'ladi.\n\nSertifikatlar tizimi yordamida talabalar kurslarni muvaffaqiyatli yakunlaganlarida sertifikat olishadi. Platforma ko'p tilli va ko'p valyutali bo'lishi mumkin, bu esa xalqaro talabalarni jalb qilish imkonini beradi.",
    "duration": "Ishlab chiqish vaqti: 4-5 hafta",
    "category": "Ta'lim"
  },
  {
    "slug": "yetkazib-berish-logistika",
    "title": "Yetkazib berish va logistika ilovasi",
    "short": "Kuryerlar, mijozlar va adminlar uchun yetkazib berish jarayonini boshqarish tizimi.",
    "content": "Yetkazib berish va logistika ilovasi delivery biznesi uchun to'liq funksional yechim bo'lib, barcha jarayonlarni avtomatlashtirish imkonini beradi. Ilovada uchta asosiy qism mavjud: mijozlar uchun buyurtma berish, kuryerlar uchun buyurtmalarni qabul qilish va yetkazib berish, adminlar uchun barcha jarayonlarni boshqarish.\n\nMijozlar ilova yordamida buyurtma beradi, to'lovni amalga oshiradi va buyurtma holatini real vaqtda kuzatadi. GPS kuzatuv tizimi yordamida mijozlar kuryerning joylashuvini va yetkazib berish vaqtini aniq biladi.\n\nKuryerlar ilova yordamida yangi buyurtmalarni qabul qiladi, eng qisqa marshrutni topish uchun optimizatsiya qilingan xaritadan foydalanadi va buyurtma holatini yangilaydi. Push-xabarnomalar yordamida kuryerlar darhol yangi buyurtmalar haqida xabar olishadi.\n\nAdminlar barcha buyurtmalarni kuzatadi, kuryerlarni boshqaradi, statistikani ko'radi va hisobotlar yaratadi. Tizimda real vaqtda monitoring, analitika va optimizatsiya vositalari mavjud.\n\nTo'lov integratsiyalari, SMS va push-xabarnomalar, rating tizimi va mijozlar qo'llab-quvvatlash ilovani yanada funksional qiladi. Tizim ko'p shahar va mintaqalarni qo'llab-quvvatlaydi.",
    "duration": "Ishlab chiqish vaqti: 4-5 hafta",
    "category": "Logistika"
  },
  {
    "slug": "buxgalteriya-dasturi",
    "title": "Buxgalteriya dasturi — moliyaviy hisobotlar",
    "short": "Buxgalteriya operatsiyalarini avtomatlashtirish, hisobotlar va soliq hisob-kitoblari uchun professional yechim.",
    "content": "Buxgalteriya dasturi har qanday biznes uchun muhim vosita bo'lib, moliyaviy operatsiyalarni boshqarish va hisobotlar yaratish imkonini beradi. Professional buxgalteriya dasturi sizga barcha moliyaviy jarayonlarni avtomatlashtirish va soliq organlariga zarur hujjatlarni yaratish imkonini beradi.\n\nDasturda kirim-chiqimlar, hisob-kitoblar, soliq hisob-kitoblari, hisobotlar va ma'lumotlar bazasi mavjud. Dastur turli valyutalarni qo'llab-quvvatlaydi, avtomatik hisob-kitoblarni amalga oshiradi va soliq organlariga zarur hisobotlarni yaratadi.\n\nIntegratsiya qilingan bank API'lari yordamida to'lovlar avtomatik qayd qilinadi. Bu esa vaqtni tejaydi va xatolarni kamaytiradi. Dastur xavfsizlik standartlariga mos keladi va ma'lumotlarni shifrlaydi.\n\nMobil ilova yordamida siz har qanday joydan moliyaviy operatsiyalarni kuzatasiz. Real vaqtda hisobotlar, push-xabarnomalar va ma'lumotlar sinxronizatsiyasi mavjud.\n\nDasturda turli xil hisobotlar mavjud: daromadlar va xarajatlar, foyda va zarar, soliq hisob-kitoblari, balans va boshqalar. Barcha hisobotlar vizual grafiklar va diagrammalar bilan ko'rsatiladi.\n\nDastur ko'p foydalanuvchili bo'lishi mumkin va turli darajadagi ruxsatlar sozlanishi mumkin. Bu esa katta kompaniyalar uchun ideal yechimdir.",
    "duration": "Ishlab chiqish vaqti: 3-4 hafta",
    "category": "Moliya"
  },
  {
    "slug": "kochmas-mulklar-portali",
    "title": "Ko'chmas mulklar portali — uy-joy bozori",
    "short": "Uy-joy, ofislar va yer uchastkalarini sotish va ijaraga berish uchun professional platforma.",
    "content": "Ko'chmas mulklar portali uy-joy, ofislar va yer uchastkalarini sotish va ijaraga berish uchun professional platforma bo'lib, agentlar va mijozlar o'rtasida samarali aloqani tashkil etadi. Portalda obyektlar katalogi, kuchli qidiruv filtrlari, xarita ko'rinishi, agentlar profillari va aloqa formasi mavjud.\n\nFoydalanuvchilar obyektlarni qidiradi, filtrlarni qo'llaydi (narx, maydon, joylashuv, xususiyatlar), xaritada ko'radi va agentlar bilan bog'lanadi. Xarita integratsiyasi yordamida foydalanuvchilar obyektlarni geografik jihatdan ko'rishlari mumkin.\n\nAgentlar obyektlarni yuklaydi, rasmlar va videolarni qo'shadi, ma'lumotlarni yangilaydi va mijozlar bilan aloqa qiladi. Agentlar uchun shaxsiy kabinet, statistika va marketing vositalari mavjud.\n\nPortal SEO optimallashtirilgan, mobil qurilmalar uchun optimallashtirilgan va turli to'lov integratsiyalarini qo'llab-quvvatlaydi. Real vaqtda yangilanishlar va push-xabarnomalar mavjud.\n\nTizimda mijozlar profillari, sevimli obyektlar, qidiruv tarixi va shaxsiy kabinet mavjud. Bu esa mijozlar qulayligini oshiradi va qayta foydalanishni rag'batlantiradi.\n\nPortal ko'p tilli bo'lishi mumkin va turli mintaqalar uchun moslashtirilishi mumkin. Bu esa xalqaro mijozlarni jalb qilish imkonini beradi.",
    "duration": "Ishlab chiqish vaqti: 3-4 hafta",
    "category": "Ko'chmas mulk"
  },
  {
    "slug": "mashina-ijarasi",
    "title": "Mashina ijarasi boshqaruvi — avtomobil ijarasi tizimi",
    "short": "Avtomobillarni ijaraga berish va boshqarish uchun to'liq funksional tizim yaratish.",
    "content": "Mashina ijarasi boshqaruvi tizimi avtomobil ijarasi biznesini to'liq avtomatlashtirish imkonini beradi. Tizimda avtomobillar katalogi, mavjudlik kalendari, bron qilish, to'lov integratsiyalari va hisobotlar mavjud.\n\nMijozlar avtomobillarni ko'radi, mavjudlikni tekshiradi, bron qiladi va to'lovni amalga oshiradi. Tizimda avtomobil xususiyatlari, rasmlar, narxlar va mavjudlik ma'lumotlari batafsil ko'rsatiladi.\n\nAdminlar avtomobillarni boshqaradi, narxlarni sozlaydi, bronlarni tasdiqlaydi va statistikani kuzatadi. Tizimda real vaqtda mavjudlik yangilanishi, avtomatik narxlar sozlash va bron boshqaruvi mavjud.\n\nGPS kuzatuv tizimi yordamida adminlar avtomobil holatini kuzatadilar va xavfsizlikni ta'minlaydilar. Avtomatik xabarnomalar mijozlarga bron tasdiqlanishi, eslatmalar va muhim yangiliklarni yetkazadi.\n\nMobil ilova yordamida mijozlar har qanday joydan avtomobil ijaraga olishlari mumkin. Ilovada avtomobillar katalogi, bron qilish, to'lov va GPS kuzatuv mavjud.\n\nTizimda mijozlar profillari, buyurtmalar tarixi, rating tizimi va qo'llab-quvvatlash mavjud. Bu esa mijozlar qanoatlanishini oshiradi va biznes samaradorligini yaxshilaydi.",
    "duration": "Ishlab chiqish vaqti: 3-4 hafta",
    "category": "Transport"
  },
  {
    "slug": "erp-tizim",
    "title": "ERP tizim — korporativ resurslarni boshqarish",
    "short": "Korporativ resurslarni boshqarish, jarayonlarni avtomatlashtirish va samaradorlikni oshirish uchun kuchli yechim.",
    "content": "ERP (Enterprise Resource Planning) tizimi katta kompaniyalar uchun kuchli yechim bo'lib, korporativ resurslarni markaziy boshqarish imkonini beradi. Tizimda moliya, inson resurslari, inventarizatsiya, loyihalar boshqaruvi, xaridlar va hisobotlar mavjud.\n\nERP tizimi barcha bo'limlar o'rtasida ma'lumotlar almashinuvini ta'minlaydi, jarayonlarni avtomatlashtiradi va real vaqtda ko'rsatkichlarni kuzatadi. Tizim modulli arxitekturaga ega va kerakli funksiyalarni qo'shish imkonini beradi.\n\nMoliyaviy modul yordamida siz barcha moliyaviy operatsiyalarni boshqarasiz, hisobotlar yaratasiz va soliq hisob-kitoblarini amalga oshirasiz. Inson resurslari moduli xodimlar ma'lumotlarini, ish vaqtini, ish haqini va boshqa HR jarayonlarini boshqaradi.\n\nInventarizatsiya moduli ombor operatsiyalarini, mahsulotlar boshqaruvini va zaxiralarni kuzatadi. Loyihalar boshqaruvi moduli loyihalarni rejalashtirish, kuzatish va baholash imkonini beradi.\n\nXavfsizlik, audit va backup tizimlar bilan siz ma'lumotlaringizni himoya qilasiz. Tizimda turli darajadagi ruxsatlar, foydalanuvchilar boshqaruvi va faollik monitoringi mavjud.\n\nERP tizimi turli sohalarda qo'llaniladi: ishlab chiqarish, xizmatlar, savdo va boshqalar. Tizim sizning kompaniyangizning o'ziga xos ehtiyojlariga moslashtiriladi.",
    "duration": "Ishlab chiqish vaqti: 6-8 hafta",
    "category": "Korporativ"
  },
  {
    "slug": "portfolio-sayt",
    "title": "Portfolio sayt — professional ko'rinish",
    "short": "Loyihalarni namoyish etish, mijozlar bilan aloqa va professional imij yaratish uchun portfolio sayt.",
    "content": "Portfolio sayt sizga loyihalaringizni professional tarzda namoyish etish imkonini beradi. Saytda loyihalar galereyasi, xizmatlar bo'limi, haqida bo'limi, aloqa formasi va blog mavjud.\n\nSayt SEO optimallashtirilgan, tez yuklanadi va barcha qurilmalarda mukammal ishlaydi. Animatsiyalar, interaktiv elementlar va zamonaviy dizayn bilan siz mijozlarning e'tiborini jalb qilasiz.\n\nSaytda integratsiya qilingan analytics, CRM va marketing vositalari mavjud. Kontent boshqaruvi tizimi (CMS) yordamida siz saytni o'zingiz yangilay olasiz va yangi loyihalar qo'shasiz.\n\nPortfolio sayt turli sohalarda qo'llaniladi: dizayn studiyalari, dasturlash kompaniyalari, fotografiya, videografiya va boshqalar. Har bir sayt sizning faoliyatingizning o'ziga xos xususiyatlarini aks ettiradi.\n\nSaytda loyihalar filtrlari, qidiruv, kategoriyalar va batafsil loyiha sahifalari mavjud. Bu esa mijozlarga kerakli ma'lumotlarni tez topish imkonini beradi.\n\nMobil optimizatsiya va tez yuklanish tezligi saytning muvaffaqiyati uchun muhimdir. Bizning yaratgan saytlarimiz barcha zamonaviy standartlarga mos keladi.",
    "duration": "Ishlab chiqish vaqti: 1-2 hafta",
    "category": "Portfolio"
  },
  {
    "slug": "mehmonxona-boshqaruvi",
    "title": "Mehmonxona boshqaruvi tizimi — hotel management",
    "short": "Xonalarni boshqarish, bron qilish, to'lovlar va mijozlar xizmati uchun professional tizim.",
    "content": "Mehmonxona boshqaruvi tizimi mehmonxona operatsiyalarini to'liq avtomatlashtirish imkonini beradi. Tizimda xonalar boshqaruvi, bron qilish, to'lovlar, mijozlar ma'lumotlari, hisobotlar va integratsiya qilingan POS tizimi mavjud.\n\nTizim real vaqtda xonalar mavjudligini yangilaydi, avtomatik narxlarni sozlaydi va mijozlarga xizmat ko'rsatadi. Online booking integratsiyalari, channel manager va payment gateway'lar bilan siz mijozlarga qulay xizmat ko'rsatasiz.\n\nMobil ilova yordamida xodimlar har qanday joydan tizimga kirishlari mumkin. Ilovada xonalar boshqaruvi, bron qilish, mijozlar ma'lumotlari va hisobotlar mavjud.\n\nTizimda mijozlar profillari, buyurtmalar tarixi, rating tizimi va qo'llab-quvvatlash mavjud. Bu esa mijozlar qanoatlanishini oshiradi va qayta foydalanishni rag'batlantiradi.\n\nTizimda real vaqtda monitoring, analitika va optimizatsiya vositalari mavjud. Siz sotuvlar dinamikasini, xonalar foydalanishini va mijozlar statistikasini kuzatasiz.\n\nTizim ko'p mehmonxonalarni qo'llab-quvvatlaydi va markaziy boshqaruvni ta'minlaydi. Bu esa katta mehmonxona tarmoqlari uchun ideal yechimdir.",
    "duration": "Ishlab chiqish vaqti: 4-5 hafta",
    "category": "Mehmonxona"
  },
  {
    "slug": "ombor-boshqaruvi",
    "title": "Ombor boshqaruvi — inventarizatsiya tizimi",
    "short": "Ombor operatsiyalarini boshqarish, inventarizatsiyani kuzatish va avtomatik hisobotlar yaratish.",
    "content": "Ombor boshqaruvi tizimi inventarizatsiyani samarali boshqarish imkonini beradi. Tizimda mahsulotlar katalogi, kirim-chiqim operatsiyalari, inventarizatsiya, hisobotlar va barcode scanner integratsiyasi mavjud.\n\nTizim real vaqtda ombor holatini yangilaydi, minimal zaxira hajmini kuzatadi va avtomatik xabarnomalar yuboradi. Mobil ilova yordamida xodimlar omborda operatsiyalarni bajaradilar, barcode scanner yordamida tez kirim-chiqim qiladilar.\n\nTizim turli omborlarni qo'llab-quvvatlaydi va markaziy boshqaruvni ta'minlaydi. Bu esa ko'p omborli bizneslar uchun ideal yechimdir.\n\nTizimda real vaqtda monitoring, analitika va optimizatsiya vositalari mavjud. Siz inventarizatsiya holatini, kirim-chiqim operatsiyalarini va hisobotlarni kuzatasiz.\n\nBarcode scanner integratsiyasi yordamida operatsiyalar tez va aniq bajariladi. Bu esa vaqtni tejaydi va xatolarni kamaytiradi.\n\nTizimda turli xil hisobotlar mavjud: inventarizatsiya holati, kirim-chiqim operatsiyalari, minimal zaxira hajmi va boshqalar. Barcha hisobotlar vizual grafiklar va diagrammalar bilan ko'rsatiladi.",
    "duration": "Ishlab chiqish vaqti: 3-4 hafta",
    "category": "Ombor"
  },
  {
    "slug": "tolov-gateway",
    "title": "To'lov gateway integratsiyasi",
    "short": "Turli to'lov tizimlari bilan integratsiya — karta, elektron hamyon va boshqa to'lov usullari.",
    "content": "To'lov gateway integratsiyasi sizga turli to'lov usullarini qabul qilish imkonini beradi. Tizim bank kartalari, elektron hamyonlar (Payme, Click, Uzumbank), kriptovalyutalar va boshqa to'lov usullarini qo'llab-quvvatlaydi.\n\nIntegratsiya xavfsiz, PCI DSS standartlariga mos keladi va real vaqtda to'lovlarni qayta ishlaydi. Tizimda to'lovlar tarixi, refund operatsiyalari, avtomatik xabarnomalar va hisobotlar mavjud.\n\nMobil ilova va veb-sayt uchun SDK'lar yordamida siz har qanday platformada to'lovlarni qabul qilasiz. Integratsiya jarayoni tez va oson, bizning mutaxassislarimiz barcha texnik ishlarni bajaradilar.\n\nTizimda real vaqtda monitoring, logging va analytics mavjud. Siz to'lovlar statistikasini, muvaffaqiyatli va muvaffaqiyatsiz to'lovlarni kuzatasiz.\n\nXavfsizlik standartlari yordamida siz mijozlar ma'lumotlarini himoya qilasiz. Tizimda shifrlash, tokenizatsiya va boshqa xavfsizlik vositalari mavjud.\n\nTizim turli biznes sohalari uchun moslashtirilishi mumkin: e-commerce, xizmatlar, ta'lim va boshqalar. Har bir integratsiya sizning biznesingizning o'ziga xos ehtiyojlariga moslashtiriladi.",
    "duration": "Ishlab chiqish vaqti: 2-3 hafta",
    "category": "To'lovlar"
  },
  {
    "slug": "custom-api",
    "title": "Custom API yechimlari — integratsiya platformasi",
    "short": "Turli tizimlar o'rtasida ma'lumotlar almashinuvini ta'minlovchi professional API yechimlari.",
    "content": "Custom API yechimlari turli tizimlar o'rtasida ma'lumotlar almashinuvini tashkil etish imkonini beradi. API RESTful arxitekturaga asoslangan, xavfsiz autentifikatsiya va rate limiting bilan himoyalangan.\n\nAPI hujjatlashtirilgan, versiyalash tizimi mavjud va turli formatlarni qo'llab-quvvatlaydi (JSON, XML). API yordamida siz CRM, ERP, to'lov tizimlari va boshqa tizimlar bilan integratsiya qilasiz.\n\nReal vaqtda monitoring, logging va analytics bilan siz API ishlashini kuzatasiz. Webhook'lar yordamida siz real vaqtda voqealarni qabul qilasiz.\n\nAPI xavfsizlik standartlariga mos keladi va OAuth, JWT va boshqa autentifikatsiya usullarini qo'llab-quvvatlaydi. Rate limiting yordamida siz API yuklanishini nazorat qilasiz.\n\nAPI turli biznes sohalari uchun moslashtirilishi mumkin: e-commerce, logistika, moliya va boshqalar. Har bir API sizning biznesingizning o'ziga xos ehtiyojlariga moslashtiriladi.\n\nAPI hujjatlashtirish yordamida boshqa dasturchilar sizning API'ingizdan oson foydalanishlari mumkin. Bizning yaratgan API'larimiz barcha zamonaviy standartlarga mos keladi.",
    "duration": "Ishlab chiqish vaqti: 2-4 hafta",
    "category": "API"
  },
  {
    "slug": "korporativ-sayt",
    "title": "Korporativ sayt — kompaniya onlayn imiji",
    "short": "Kompaniya haqida ma'lumot, xizmatlar, loyihalar va aloqa uchun professional korporativ sayt.",
    "content": "Korporativ sayt kompaniyangizning professional onlayn imijini yaratish imkonini beradi. Saytda kompaniya haqida ma'lumot, xizmatlar, loyihalar, yangiliklar, blog va aloqa bo'limlari mavjud.\n\nSayt SEO optimallashtirilgan, tez yuklanadi va barcha qurilmalarda mukammal ishlaydi. Zamonaviy dizayn, animatsiyalar va interaktiv elementlar bilan siz mijozlarning e'tiborini jalb qilasiz.\n\nSaytda integratsiya qilingan CRM, analytics va marketing vositalari mavjud. Kontent boshqaruvi tizimi (CMS) yordamida siz saytni o'zingiz yangilay olasiz va yangi bo'limlar qo'shasiz.\n\nKorporativ sayt turli sohalarda qo'llaniladi: IT kompaniyalar, konsalting, xizmatlar ko'rsatish va boshqalar. Har bir sayt kompaniyangizning o'ziga xos xususiyatlarini aks ettiradi.\n\nSaytda yangiliklar bo'limi, blog, loyihalar galereyasi va aloqa formasi mavjud. Bu esa mijozlarga kompaniya haqida to'liq ma'lumot beradi.\n\nMobil optimizatsiya va tez yuklanish tezligi saytning muvaffaqiyati uchun muhimdir. Bizning yaratgan saytlarimiz barcha zamonaviy standartlarga mos keladi va mijozlar uchun qulay va samarali yechimdir.",
    "duration": "Ishlab chiqish vaqti: 2-3 hafta",
    "category": "Korporativ"
  }
]
